---
title: MySQLì—ì„œ ë¦¬ì…‹ë˜ëŠ” ì‹œí€€ìŠ¤ ë§Œë“¤ì–´ë³´ê¸°
author: gywndi
type: post
date: 2021-06-21T06:24:06+00:00
url: 2021/06/resetable-sequence-for-mysql
categories:
  - MariaDB
  - MySQL
tags:
  - MySQL
  - sequence

---
# Overview

ì„œë¹„ìŠ¤ë¥¼ ì¤€ë¹„í•˜ë‹¤ë³´ë©´, ì‹œí€€ìŠ¤ì— ëŒ€í•œ ìš”êµ¬ì‚¬í•­ì€ ì–¸ì œë‚˜ ìƒê¸°ê¸° ë§ˆë ¨ì…ë‹ˆë‹¤. ë¬¼ë¡ , MySQLì—ëŠ” ê¸°ë³¸ì ìœ¼ë¡œ í…Œì´ë¸” ë‹¨ìœ„ë¡œ auto_incrementê°€ ìˆê¸°ëŠ” í•©ë‹ˆë‹¤ë§Œ, ì¼ë°˜ì ì¸ ì‹œí€€ìŠ¤ê°€ ìš”êµ¬ë˜ëŠ” í™˜ê²½ì„ í¡ì¡±í•˜ê²Œ ë§ì¶”ê¸°ëŠ” ì–´ë ¤ìš´ ì‹¤ì •ì…ë‹ˆë‹¤.  
ë³´í†µì€ Peter Zaitsevê°€ í•˜ë‹¨ì— ê²Œì‹œí•œ ë¸”ë¡œê·¸ ë‚´ìš©ì²˜ëŸ¼, Function ê¸°ë°˜ìœ¼ë¡œ ì±„ë²ˆ í•¨ìˆ˜ë¥¼ ë§Œë“¤ê³ ëŠ” í•˜ì§€ìš”. (ë¬¼ë¡  InnoDBë¡œ ì§€ì •í•˜ëŠ” ê²ƒì´, ë³µì œ ìƒí™©ì—ì„œëŠ” ì•„ì£¼ ì•ˆì •ì„±ì„ í™•ë³´í•˜ê¸°ëŠ” í•©ë‹ˆë‹¤.)  
https://www.percona.com/blog/2008/04/02/stored-function-to-generate-sequences/

ì´ ë‚´ìš©ì„ ê¸°ë°˜ìœ¼ë¡œ, &#8220;ì¬ë¯¸ë‚œ ì‹œí€€ìŠ¤ë¥¼ ë§Œë“¤ì–´ë³¼ ìˆ˜ ì—†ì„ê¹Œ?&#8221; ë¼ëŠ” í€˜ìŠ¤ì²œì— ë”°ë¼, ì´ë²ˆ ë¸”ë¡œê¹…ì—ì„œëŠ” íŠ¹ì • ì‹œì ì— ë¦¬ì…‹ì´ ë˜ëŠ” ì‹œí€€ìŠ¤ë¥¼ í•œë²ˆ ë§Œë“¤ì–´ë³´ê³ ì í•©ë‹ˆë‹¤.

# Schema

ì²«ë²ˆì§¸ë¡œëŠ” í˜„ì¬ ì‹œí€€ìŠ¤ë¥¼ ë‹´ì„ í…Œì´ë¸” ê·¸ë¦‡(?)ì„ ì•„ë˜ì™€ ê°™ì´ ìƒì„±ì„ í•´ë³´ë„ë¡ í•˜ê² ìŠµë‹ˆë‹¤.

```sql
CREATE TABLE `t_sequence` (
  `name` varchar(100) NOT NULL,
  `seq_num` bigint(20) NOT NULL DEFAULT '0',
  `mtime` timestamp(6) NOT NULL DEFAULT CURRENT_TIMESTAMP(6) ON UPDATE CURRENT_TIMESTAMP(6),
  PRIMARY KEY (`name`)
) ENGINE=InnoDB
```

ì—¬ê¸°ì—ì„œ seq_numì´ ë§¤ë²ˆ +1ë˜ë©´ì„œ ë°ì´í„°ë¥¼ ì „ë‹¬í•´ì£¼ê²Œ ë˜ê² ì£ .  
Peterì˜ ë¸”ë¡œê·¸ì™€ëŠ” ë‹¤ë¥´ê²Œ, ì €ëŠ” ì•„ë˜ì™€ ê°™ì´ `insert into .. on duplicate key update ..` êµ¬ë¬¸ìœ¼ë¡œ Upsert ì²˜ë¦¬í•˜ì—¬ ì‹œí€€ìŠ¤ë¥¼ ë°œê¸‰í•˜ë„ë¡ í•˜ê² ìŠµë‹ˆë‹¤.

```sql
insert into t_sequence (name, seq_num, mtime) values ('abc', last_insert_id(1), now(6))
    on duplicate key update seq_num = last_insert_id(seq_num+1), mtime = now(6);
```

ê·¸ëŸ°ë°, ì´ êµ¬ë¬¸ì€ ë‹¨ìˆœíˆ ì‹œí€€ìŠ¤ê°’ì„ ë§¤ë²ˆ 1ì”© ì¦ê°€í•˜ëŠ” ê²ƒìœ¼ë¡œ. ìš°ë¦¬ì—ê²Œ í•„ìš”í•œ ê²ƒì€ ë§¤ì¼ 0ì‹œ í˜¹ì€ ë§¤ì‹œ ì‹œí€€ìŠ¤ ê°’ì´ 1ë¶€í„° ë‹¤ì‹œ ì´ˆê¸°í™”ë˜ëŠ” ë¡œì§ì´ ì¿¼ë¦¬ì•ˆì— í•„ìš”í•œ ê²ƒì…ë‹ˆë‹¤. ê·¸ë˜ì„œ, ìœ„ ì¿¼ë¦¬ë¥¼ ì•„ë˜ì™€ ê°™ì´ ë³€ê²½ì„ í•´ë´…ë‹ˆë‹¤. (ë§¤ë¶„ 1ë¡œ ì´ˆê¸°í™”)

```sql
insert into t_sequence (name, seq_num, mtime) values ('abc', last_insert_id(1), now(6))
    on duplicate key update seq_num = last_insert_id(if(mtime &lt; date_format(now(6), '%Y-%m-%d %H:%i:00'), 1, seq_num+1)), mtime = now(6);
```

`on duplicate key update` ì•ˆì— ì‹œê°„ì„ ì²´í¬í•˜ëŠ” ë¡œì§ì„ ì¶”ê°€í•˜ì—¬, ê²°ê³¼ì ìœ¼ë¡œ 0ë¶„ë•Œë§ˆë‹¤ ë‹¤ì‹œ 1ë¶€í„° ë‹¤ì‹œ ì‹œì‘í•˜ëŠ” ê°’ì´ ì¶”ì¶œë˜ëŠ” ê²ƒì´ì£ .

```sql
mysql> insert into t_sequence (name, seq_num, mtime) values ('abc', last_insert_id(1), now(6))
    ->     on duplicate key update seq_num = last_insert_id(if(mtime &lt; date_format(now(6), '%Y-%m-%d %H:%i:00'), 1, seq_num+1)), mtime = now(6);
Query OK, 2 rows affected (0.00 sec)

mysql> select now(), last_insert_id();
+---------------------+------------------+
| now()               | last_insert_id() |
+---------------------+------------------+
| 2021-06-21 12:31:58 |                6 |
+---------------------+------------------+
1 row in set (0.00 sec)

mysql> insert into t_sequence (name, seq_num, mtime) values ('abc', last_insert_id(1), now(6))
    ->     on duplicate key update seq_num = last_insert_id(if(mtime &lt; date_format(now(6), '%Y-%m-%d %H:%i:00'), 1, seq_num+1)), mtime = now(6);
Query OK, 2 rows affected (0.00 sec)

mysql> select now(), last_insert_id();
+---------------------+------------------+
| now()               | last_insert_id() |
+---------------------+------------------+
| 2021-06-21 12:32:01 |                1 |
+---------------------+------------------+
1 row in set (0.00 sec)
```

ì ì´ì œ, ì´ ì¿¼ë¦¬ë“¤ì„ ì¡°í•©í•´ì„œ, ì•„ë˜ì™€ ê°™ì€ Functionì„ ë§Œë“¤ì–´ë³´ê² ìŠµë‹ˆë‹¤.

```sql
delimiter //
drop function nextval//
create function nextval(in_name varchar(100), in_type char(1)) returns bigint
begin
  declare date_format varchar(20);
  SET date_format = (
    case
      when in_type = 'M' then '%Y-%m-01 00:00:00'
      when in_type = 'D' then '%Y-%m-%d 00:00:00'
      when in_type = 'H' then '%Y-%m-%d %H:00:00'
      when in_type = 'I' then '%Y-%m-%d %H:%i:00'
      when in_type = 'S' then '%Y-%m-%d %H:%i:%S'
      else '%Y-%m-%d 00:00:00'
    end
  );
  insert into t_sequence (name, seq_num, mtime) values (in_name, last_insert_id(1), now(6))
      on duplicate key update seq_num = last_insert_id(if(mtime &lt; date_format(now(6), date_format), 1, seq_num+1)), mtime = now(6);
  return last_insert_id();
end
//
delimiter ;
```

Function í•¨ìˆ˜ì— ë‚˜ì™€ìˆë“¯ì´, Mì¸ê²½ìš°ëŠ” ë§¤ì›” ë¦¬ì…‹, DëŠ” ë§¤ì¼ ë¦¬ì…‹, HëŠ” ë§¤ì‹œ ë¦¬ì…‹.. ë“±ë“± íŒŒë¼ë©”í„°ë¡œ ë¦¬ì…‹í•  ì‹œì ì„ ì •í•´ì„œ ë§Œë“¤ì–´ë³¼ ìˆ˜ ìˆê² ìŠµë‹ˆë‹¤.

```sql
mysql> select nextval('abc', 'I') seq, now();
+------+---------------------+
| seq  | now()               |
+------+---------------------+
|    1 | 2021-06-21 12:40:42 |
+------+---------------------+
1 row in set (0.00 sec)

mysql> select nextval('abc', 'I') seq, now();
+------+---------------------+
| seq  | now()               |
+------+---------------------+
|    2 | 2021-06-21 12:40:52 |
+------+---------------------+
1 row in set (0.00 sec)

mysql> select nextval('abc', 'I') seq, now();
+------+---------------------+
| seq  | now()               |
+------+---------------------+
|    3 | 2021-06-21 12:40:56 |
+------+---------------------+
1 row in set (0.00 sec)

mysql> select nextval('abc', 'I') seq, now();
+------+---------------------+
| seq  | now()               |
+------+---------------------+
|    1 | 2021-06-21 12:41:00 |
+------+---------------------+
1 row in set (0.00 sec)
```

í•„ìš”í•˜ë‹¤ë©´, Functionì˜ `insert into .. on duplicate update..` êµ¬ë¬¸ ì•ˆì— ë” ë‹¤ì–‘í•œ ìš”êµ¬ ì‚¬í•­ì„ ë„£ì–´ë³¼ ìˆ˜ ìˆì„ ë“¯ í•©ë‹ˆë‹¤. ğŸ™‚

# Performance

í•¨ìˆ˜ë¡œ ë§Œë“¤ì–´ì§€ê¸° ë•Œë¬¸ì—.. ëŠë¦´ ìˆ˜ë„ ìˆë‹¤ê³  ì„ ì…ê²¬ì„ ê°€ì§€ì‹  ë¶„ë“¤ì„ ìœ„í•´ì„œ.. ê°„ë‹¨í•˜ê²Œ ì•„ë˜ì™€ ê°™ì´ í…ŒìŠ¤íŠ¸ë¥¼ í•´ë³´ì•˜ìŠµë‹ˆë‹¤.

### Environments

```
Intel(R) Core(TM) i3-8100 CPU @ 3.60GHz(4core), 32G Memory
```

### MySQL parameter

```sql
mysql> show variables where Variable_name in ('innodb_flush_log_at_trx_commit', 'sync_binlog');
+--------------------------------+-------+
| Variable_name                  | Value |
+--------------------------------+-------+
| innodb_flush_log_at_trx_commit | 0     |
| sync_binlog                    | 0     |
+--------------------------------+-------+
2 rows in set (0.00 sec)
```

### 1. Local test

ì‹œí€€ìŠ¤ íŠ¹ì„± ìƒ íŠ¹ì • rowì— ëŒ€í•œ Lockì´ ë§¤ë²ˆ ë°œìƒí•  ìˆ˜ë°–ì— ì—†ìŠµë‹ˆë‹¤. ì´ ì–˜ê¸°ëŠ”, ë„¤íŠ¸ì›Œí¬ ë ˆì´í„´ì‹œê°€ ê´€ì—¬í•  ìˆ˜ë¡ ë”ìš± ë‚®ì€ í¼í¬ë¨¼ìŠ¤ë¥¼ ë³´ì¸ë‹¤ëŠ” ì´ì•¼ê¸°ì¸ë°ìš”. ìš°ì„  ì„œë²„ì— ì ‘ì†í•´ì„œ mysqlslapìœ¼ë¡œ ì•„ë˜ì™€ ê°™ì´ ì‹œí€€ìŠ¤ ë°œê¸‰ íŠ¸ë˜í”½ì„ ë¬´ì‘ìœ„ë¡œ ì¤˜ë´…ë‹ˆë‹¤.

```bash
$ time mysqlslap -utest      \
  --password=test123         \
  --create-schema=test       \
  --iterations=1             \
  --number-of-queries=100000 \
  --query="select test.nextval('abc', 'H');"
Benchmark
    Average number of seconds to run all queries: 5.979 seconds
    Minimum number of seconds to run all queries: 5.979 seconds
    Maximum number of seconds to run all queries: 5.979 seconds
    Number of clients running queries: 10
    Average number of queries per client: 10000
real    0m5.996s
user    0m0.915s
sys 0m1.709s
mysqlslap -uroot --concurrency=10 --create-schema=test --iterations=1    0.18s user 0.32s system 15% cpu 3.285 total
```

5.996ì´ˆ ìˆ˜í–‰ë˜ì—ˆê³ , ì´ˆë‹¹ 16,666 ì‹œí€€ìŠ¤ ë°œê¸‰ì´ ì´ë£¨ì–´ì¡Œë„¤ìš”!!

### 2. Remote test

ê±°ì‹¤ì— ìˆëŠ” ë¸”ë¡œê·¸ ì„œë²„ë¡œì˜ ë„¤íŠ¸ì›Œí¬ ë ˆì´í„´ì‹œëŠ” ëŒ€ëµ ì•„ë˜ì™€ ê°™ìŠµë‹ˆë‹¤. 04~0.5ms ì‚¬ì´ë¥¼ ì™”ë‹¤ê°”ë‹¤ í•˜ëŠ”ë“¯..

```bash
$ ping 10.5.5.11
PING 10.5.5.11 (10.5.5.11): 56 data bytes
64 bytes from 10.5.5.11: icmp_seq=0 ttl=64 time=0.404 ms
```

ì´ í™˜ê²½ì—ì„œ ìœ„ì™€ ë™ì¼í•œ í…ŒìŠ¤íŠ¸ íŠ¸ë˜í”½ì„ ë°œìƒì‹œì¼œë³´ì•˜ìŠµë‹ˆë‹¤.

```bash
$ time mysqlslap -utest      \
  --password=test123         \
  --host=10.5.5.11           \
  --concurrency=10           \
  --create-schema=test       \
  --iterations=1             \
  --number-of-queries=100000 \
  --query="select test.nextval('abc', 'H');"
mysqlslap: [Warning] Using a password on the command line interface can be insecure.
Benchmark
    Average number of seconds to run all queries: 7.191 seconds
    Minimum number of seconds to run all queries: 7.191 seconds
    Maximum number of seconds to run all queries: 7.191 seconds
    Number of clients running queries: 10
    Average number of queries per client: 10000
mysqlslap -utest --password=test123 --host=10.5.5.11 --concurrency=10      0.43s user 0.44s system 11% cpu 7.238 total
```

7.191ì´ˆ ìˆ˜í–‰í•˜ì˜€ê³ , ì´ˆë‹¹ 13,906ê±´ ì •ë„ ì‹œí€€ìŠ¤ ë°œê¸‰ì´ ì´ë£¨ì–´ì¡ŒìŠµë‹ˆë‹¤.

ê°œì¸ì ì¸ ìƒê°ìœ¼ë¡œëŠ”.. ë‹¨ì¼ ì‹œí€€ìŠ¤ ì„±ëŠ¥ìœ¼ë¡œëŠ” ì´ì •ë„ë„ ë‚˜ì˜ì§€ ì•Šë‹¤ê³  ìƒê°í•©ë‹ˆë‹¤ë§Œ.. ^^ ë§Œì•½ ì‹œí€€ìŠ¤ ìì²´ê°€ ì´ë ‡ê²Œ ê³µìœ í•˜ëŠ” ê°œë…ì´ ì•„ë‹Œ ê°œì¸ë³„ë¡œ í• ë‹¹ë˜ëŠ” êµ¬ì¡°ë¡œ ê´€ë¦¬ëœë‹¤ë©´..? row lockìœ¼ë¡œ ì¸í•œ ë¶ˆí•„ìš”í•œ ëŒ€ê¸°ë¥¼ ì–´ëŠì •ë„ ì¤„ì—¬ì¤„ ìˆ˜ ìˆì„ ê²ƒìœ¼ë¡œ ìƒê°ë˜ë„¤ìš”.

```bash
$ time mysqlslap -utest      \
  --password=test123         \
  --host=10.5.5.11           \
  --concurrency=10           \
  --create-schema=test       \
  --iterations=1             \
  --number-of-queries=100000 \
  --query="select test.nextval(concat('ab',floor(rand()*10)), 'H');"
mysqlslap: [Warning] Using a password on the command line interface can be insecure.
Benchmark
    Average number of seconds to run all queries: 5.702 seconds
    Minimum number of seconds to run all queries: 5.702 seconds
    Maximum number of seconds to run all queries: 5.702 seconds
    Number of clients running queries: 10
    Average number of queries per client: 10000
mysqlslap -utest --password=test123 --host=10.5.5.11 --concurrency=10      0.40s user 0.45s system 14% cpu 5.767 total
```

ì•ì„œ 7.2ì´ˆ ê±¸ë¦¬ë˜ ê²°ê³¼ë¥¼ 5.7ì´ˆ ì •ë„ë¡œ ì²˜ë¦¬í•˜ì˜€ëŠ”ë°. ë§Œì•½ ë„¤íŠ¸ì›Œí¬ ë ˆì´í„´ì‹œê°€ ë§ì´ ì•ˆì¢‹ì€ í™˜ê²½ì—ì„œëŠ” Lockìœ¼ë¡œ ì¸í•œ ëŒ€ê¸°ë¥¼ í¬ê²Œ ê²½ê°ì‹œí‚´ìœ¼ë¡œì¨ í›¨ì”¬ ë” ì¢‹ì€ íš¨ê³¼ë¥¼ ë³´ì—¬ì¤„ ê²ƒì´ë¼ ìƒê°í•©ë‹ˆë‹¤.

# Concluion

MySQLì— ì—†ëŠ” ì‹œí€€ìŠ¤ë¥¼ ì„œë¹„ìŠ¤ ìš”êµ¬ì‚¬í•­ì— ë§ê²Œ ì¢€ë” ì¬ë¯¸ë‚˜ê²Œ ë§Œë“¤ì–´ë³´ìë¼ëŠ” ìƒê°ìœ¼ë¡œ ì‹œì‘í•˜ì˜€ìŠµë‹ˆë‹¤.  
íŠ¹ì • ì„œë¹„ìŠ¤ê±´, ê°œì¸í™” ì„œë¹„ìŠ¤ê±´.. 0ì‹œ ê¸°ì¤€ìœ¼ë¡œ ìƒˆë¡­ê²Œ 1ë¶€í„° ì‹œì‘í•´ì•¼í•˜ëŠ” ì‹œí€€ìŠ¤ ìš”êµ¬ì‚¬í•­ì„ ê°€ë” ë“£ê¸°ëŠ” í–ˆìŠµë‹ˆë‹¤. ì´ëŸ´ë•Œ ê¸°ì¡´ì´ë¼ë©´, ë½ì„ ê±¸ê³ , í˜„ì¬ ì‹œí€€ìŠ¤ ê°’ì„ ê°€ì§€ê³  ë¦¬ì…‹ ì²˜ë¦¬ ì—¬ë¶€ë¥¼ ê²°ì •í•´ì•¼í•  ê²ƒì¸ë°.. ì—¬ê¸°ì„œëŠ” ì´ê²ƒì„ ê°„ë‹¨í•˜ê²Œ ë‹¨ê±´ì˜ INSERT êµ¬ë¬¸ìœ¼ë¡œ í•´ê²°ì„ í•˜ì˜€ìŠµë‹ˆë‹¤.

í•„ìš”ì— ë”°ë¼.. íŠ¹ì • ì´ë²¤íŠ¸ì˜ ê°œì¸í™” í…Œì´ë¸”ì—.. ìµœê·¼ 1ì‹œê°„ë™ì•ˆ 10íšŒ ì´ìƒì´ë©´ ë‹¤ì‹œ 1ë¶€í„° ì‹œì‘í•˜ëŠ” ì´ìƒìŠ¤ëŸ¬ìš´ ì‹œí€€ìŠ¤ë„ ì¬ë¯¸ë‚˜ê²Œ ë§Œë“¤ì–´ë³¼ ìˆ˜ ìˆì„ ë“¯ í•˜ë„¤ìš”.

ì˜¤ëœë§Œì˜ í¬ìŠ¤íŒ…ì„ ë§ˆì¹©ë‹ˆë‹¤.